timeStamp,elapsed,label,responseCode,responseMessage,threadName,dataType,success,failureMessage,bytes,sentBytes,grpThreads,allThreads,URL,Latency,IdleTime,Connect
1554399595391,62,HTTP Request Dynamic HTML,200,OK,Thread Group 100 users 10 secs 2-1,text,true,,4663,135,1,1,http://104.248.249.47/student/GetHtml?id=1,62,0,30
1554399595453,28,HTTP Request Post Json data,200,OK,Thread Group 100 users 10 secs 2-1,text,true,,240,254,1,1,http://104.248.249.47/student/post,28,0,0
1554399595481,29,HTTP Request Get Json data,200,OK,Thread Group 100 users 10 secs 2-1,text,true,,446,126,2,2,http://104.248.249.47/student/get,29,0,0
1554399595510,29,HTTP Request Data from CSV,200,OK,Thread Group 100 users 10 secs 2-1,text,true,,4662,135,2,2,http://104.248.249.47/student/GetHtml?id=5,29,0,0
1554399595490,69,HTTP Request Dynamic HTML,200,OK,Thread Group 100 users 10 secs 2-2,text,true,,4663,135,1,1,http://104.248.249.47/student/GetHtml?id=1,69,0,34
1554399595560,34,HTTP Request Post Json data,200,OK,Thread Group 100 users 10 secs 2-2,text,true,,240,254,2,2,http://104.248.249.47/student/post,34,0,0
1554399595594,36,HTTP Request Get Json data,200,OK,Thread Group 100 users 10 secs 2-2,text,true,,446,126,2,2,http://104.248.249.47/student/get,36,0,0
1554399595590,73,HTTP Request Dynamic HTML,200,OK,Thread Group 100 users 10 secs 2-3,text,true,,4663,135,2,2,http://104.248.249.47/student/GetHtml?id=1,73,0,36
1554399595631,35,HTTP Request Data from CSV,200,OK,Thread Group 100 users 10 secs 2-2,text,true,,4621,136,2,2,http://104.248.249.47/student/GetHtml?id=42,35,0,0
1554399595663,36,HTTP Request Post Json data,200,OK,Thread Group 100 users 10 secs 2-3,text,true,,240,254,2,2,http://104.248.249.47/student/post,36,0,0
1554399595700,35,HTTP Request Get Json data,200,OK,Thread Group 100 users 10 secs 2-3,text,true,,446,126,2,2,http://104.248.249.47/student/get,35,0,0
1554399595691,77,HTTP Request Dynamic HTML,200,OK,Thread Group 100 users 10 secs 2-4,text,true,,4663,135,2,2,http://104.248.249.47/student/GetHtml?id=1,77,0,38
1554399595735,36,HTTP Request Data from CSV,200,OK,Thread Group 100 users 10 secs 2-3,text,true,,4663,135,2,2,http://104.248.249.47/student/GetHtml?id=1,36,0,0
1554399595768,37,HTTP Request Post Json data,200,OK,Thread Group 100 users 10 secs 2-4,text,true,,240,254,2,2,http://104.248.249.47/student/post,37,0,0
1554399595805,34,HTTP Request Get Json data,200,OK,Thread Group 100 users 10 secs 2-4,text,true,,446,126,2,2,http://104.248.249.47/student/get,34,0,0
1554399595791,70,HTTP Request Dynamic HTML,200,OK,Thread Group 100 users 10 secs 2-5,text,true,,4663,135,2,2,http://104.248.249.47/student/GetHtml?id=1,70,0,34
1554399595840,35,HTTP Request Data from CSV,200,OK,Thread Group 100 users 10 secs 2-4,text,true,,4664,135,2,2,http://104.248.249.47/student/GetHtml?id=2,34,0,0
1554399595861,35,HTTP Request Post Json data,200,OK,Thread Group 100 users 10 secs 2-5,text,true,,240,254,2,2,http://104.248.249.47/student/post,35,0,0
1554399595896,36,HTTP Request Get Json data,200,OK,Thread Group 100 users 10 secs 2-5,text,true,,446,126,2,2,http://104.248.249.47/student/get,36,0,0
1554399595890,60,HTTP Request Dynamic HTML,200,OK,Thread Group 100 users 10 secs 2-6,text,true,,4663,135,2,2,http://104.248.249.47/student/GetHtml?id=1,60,0,30
1554399595932,34,HTTP Request Data from CSV,200,OK,Thread Group 100 users 10 secs 2-5,text,true,,4666,135,2,2,http://104.248.249.47/student/GetHtml?id=3,34,0,0
1554399595951,29,HTTP Request Post Json data,200,OK,Thread Group 100 users 10 secs 2-6,text,true,,240,254,1,1,http://104.248.249.47/student/post,29,0,0
1554399595980,28,HTTP Request Get Json data,200,OK,Thread Group 100 users 10 secs 2-6,text,true,,446,126,2,2,http://104.248.249.47/student/get,28,0,0
1554399596008,29,HTTP Request Data from CSV,200,OK,Thread Group 100 users 10 secs 2-6,text,true,,4664,135,2,2,http://104.248.249.47/student/GetHtml?id=4,29,0,0
1554399595989,70,HTTP Request Dynamic HTML,200,OK,Thread Group 100 users 10 secs 2-7,text,true,,4663,135,1,1,http://104.248.249.47/student/GetHtml?id=1,70,0,34
1554399596059,35,HTTP Request Post Json data,200,OK,Thread Group 100 users 10 secs 2-7,text,true,,240,254,2,2,http://104.248.249.47/student/post,35,0,0
1554399596094,34,HTTP Request Get Json data,200,OK,Thread Group 100 users 10 secs 2-7,text,true,,446,126,2,2,http://104.248.249.47/student/get,34,0,0
1554399596090,71,HTTP Request Dynamic HTML,200,OK,Thread Group 100 users 10 secs 2-8,text,true,,4663,135,2,2,http://104.248.249.47/student/GetHtml?id=1,71,0,35
1554399596129,36,HTTP Request Data from CSV,200,OK,Thread Group 100 users 10 secs 2-7,text,true,,4662,135,2,2,http://104.248.249.47/student/GetHtml?id=5,36,0,0
1554399596161,36,HTTP Request Post Json data,200,OK,Thread Group 100 users 10 secs 2-8,text,true,,240,254,2,2,http://104.248.249.47/student/post,36,0,0
1554399596197,34,HTTP Request Get Json data,200,OK,Thread Group 100 users 10 secs 2-8,text,true,,446,126,2,2,http://104.248.249.47/student/get,34,0,0
1554399596190,71,HTTP Request Dynamic HTML,200,OK,Thread Group 100 users 10 secs 2-9,text,true,,4663,135,2,2,http://104.248.249.47/student/GetHtml?id=1,71,0,35
1554399596231,35,HTTP Request Data from CSV,200,OK,Thread Group 100 users 10 secs 2-8,text,true,,4621,136,2,2,http://104.248.249.47/student/GetHtml?id=42,35,0,0
1554399596261,34,HTTP Request Post Json data,200,OK,Thread Group 100 users 10 secs 2-9,text,true,,240,254,2,2,http://104.248.249.47/student/post,34,0,0
1554399596296,37,HTTP Request Get Json data,200,OK,Thread Group 100 users 10 secs 2-9,text,true,,446,126,2,2,http://104.248.249.47/student/get,37,0,0
1554399596291,70,HTTP Request Dynamic HTML,200,OK,Thread Group 100 users 10 secs 2-10,text,true,,4663,135,2,2,http://104.248.249.47/student/GetHtml?id=1,70,0,34
1554399596333,35,HTTP Request Data from CSV,200,OK,Thread Group 100 users 10 secs 2-9,text,true,,4663,135,2,2,http://104.248.249.47/student/GetHtml?id=1,35,0,0
1554399596361,35,HTTP Request Post Json data,200,OK,Thread Group 100 users 10 secs 2-10,text,true,,240,254,2,2,http://104.248.249.47/student/post,35,0,0
1554399596397,35,HTTP Request Get Json data,200,OK,Thread Group 100 users 10 secs 2-10,text,true,,446,126,2,2,http://104.248.249.47/student/get,35,0,0
1554399596432,36,HTTP Request Data from CSV,200,OK,Thread Group 100 users 10 secs 2-10,text,true,,4664,135,2,2,http://104.248.249.47/student/GetHtml?id=2,36,0,0
1554399596391,79,HTTP Request Dynamic HTML,200,OK,Thread Group 100 users 10 secs 2-11,text,true,,4663,135,1,1,http://104.248.249.47/student/GetHtml?id=1,79,0,43
1554399596470,38,HTTP Request Post Json data,200,OK,Thread Group 100 users 10 secs 2-11,text,true,,240,254,2,2,http://104.248.249.47/student/post,38,0,0
1554399596508,36,HTTP Request Get Json data,200,OK,Thread Group 100 users 10 secs 2-11,text,true,,446,126,2,2,http://104.248.249.47/student/get,36,0,0
1554399596489,70,HTTP Request Dynamic HTML,200,OK,Thread Group 100 users 10 secs 2-12,text,true,,4663,135,2,2,http://104.248.249.47/student/GetHtml?id=1,70,0,34
1554399596544,35,HTTP Request Data from CSV,200,OK,Thread Group 100 users 10 secs 2-11,text,true,,4666,135,2,2,http://104.248.249.47/student/GetHtml?id=3,35,0,0
1554399596559,35,HTTP Request Post Json data,200,OK,Thread Group 100 users 10 secs 2-12,text,true,,240,254,2,2,http://104.248.249.47/student/post,35,0,0
1554399596594,36,HTTP Request Get Json data,200,OK,Thread Group 100 users 10 secs 2-12,text,true,,446,126,2,2,http://104.248.249.47/student/get,36,0,0
1554399596589,60,HTTP Request Dynamic HTML,200,OK,Thread Group 100 users 10 secs 2-13,text,true,,4663,135,2,2,http://104.248.249.47/student/GetHtml?id=1,60,0,28
1554399596630,35,HTTP Request Data from CSV,200,OK,Thread Group 100 users 10 secs 2-12,text,true,,4664,135,2,2,http://104.248.249.47/student/GetHtml?id=4,35,0,0
1554399596649,30,HTTP Request Post Json data,200,OK,Thread Group 100 users 10 secs 2-13,text,true,,240,254,1,1,http://104.248.249.47/student/post,30,0,0
1554399596679,29,HTTP Request Get Json data,200,OK,Thread Group 100 users 10 secs 2-13,text,true,,446,126,2,2,http://104.248.249.47/student/get,29,0,0
1554399596708,29,HTTP Request Data from CSV,200,OK,Thread Group 100 users 10 secs 2-13,text,true,,4662,135,2,2,http://104.248.249.47/student/GetHtml?id=5,29,0,0
1554399596689,70,HTTP Request Dynamic HTML,200,OK,Thread Group 100 users 10 secs 2-14,text,true,,4663,135,1,1,http://104.248.249.47/student/GetHtml?id=1,70,0,34
1554399596759,35,HTTP Request Post Json data,200,OK,Thread Group 100 users 10 secs 2-14,text,true,,240,254,2,2,http://104.248.249.47/student/post,35,0,0
1554399596794,33,HTTP Request Get Json data,200,OK,Thread Group 100 users 10 secs 2-14,text,true,,446,126,2,2,http://104.248.249.47/student/get,33,0,0
1554399596790,59,HTTP Request Dynamic HTML,200,OK,Thread Group 100 users 10 secs 2-15,text,true,,4663,135,2,2,http://104.248.249.47/student/GetHtml?id=1,58,0,29
1554399596827,36,HTTP Request Data from CSV,200,OK,Thread Group 100 users 10 secs 2-14,text,true,,4621,136,2,2,http://104.248.249.47/student/GetHtml?id=42,36,0,0
1554399596849,30,HTTP Request Post Json data,200,OK,Thread Group 100 users 10 secs 2-15,text,true,,240,254,1,1,http://104.248.249.47/student/post,30,0,0
1554399596879,29,HTTP Request Get Json data,200,OK,Thread Group 100 users 10 secs 2-15,text,true,,446,126,2,2,http://104.248.249.47/student/get,29,0,0
1554399596908,30,HTTP Request Data from CSV,200,OK,Thread Group 100 users 10 secs 2-15,text,true,,4663,135,2,2,http://104.248.249.47/student/GetHtml?id=1,30,0,0
1554399596890,71,HTTP Request Dynamic HTML,200,OK,Thread Group 100 users 10 secs 2-16,text,true,,4663,135,1,1,http://104.248.249.47/student/GetHtml?id=1,71,0,35
1554399596961,35,HTTP Request Post Json data,200,OK,Thread Group 100 users 10 secs 2-16,text,true,,240,254,2,2,http://104.248.249.47/student/post,35,0,0
1554399596996,36,HTTP Request Get Json data,200,OK,Thread Group 100 users 10 secs 2-16,text,true,,446,126,2,2,http://104.248.249.47/student/get,36,0,0
1554399596990,71,HTTP Request Dynamic HTML,200,OK,Thread Group 100 users 10 secs 2-17,text,true,,4663,135,2,2,http://104.248.249.47/student/GetHtml?id=1,71,0,35
1554399597032,37,HTTP Request Data from CSV,200,OK,Thread Group 100 users 10 secs 2-16,text,true,,4664,135,2,2,http://104.248.249.47/student/GetHtml?id=2,37,0,0
1554399597061,35,HTTP Request Post Json data,200,OK,Thread Group 100 users 10 secs 2-17,text,true,,240,254,2,2,http://104.248.249.47/student/post,35,0,0
1554399597096,34,HTTP Request Get Json data,200,OK,Thread Group 100 users 10 secs 2-17,text,true,,446,126,2,2,http://104.248.249.47/student/get,34,0,0
1554399597089,71,HTTP Request Dynamic HTML,200,OK,Thread Group 100 users 10 secs 2-18,text,true,,4663,135,2,2,http://104.248.249.47/student/GetHtml?id=1,71,0,34
1554399597130,34,HTTP Request Data from CSV,200,OK,Thread Group 100 users 10 secs 2-17,text,true,,4666,135,2,2,http://104.248.249.47/student/GetHtml?id=3,34,0,0
1554399597160,33,HTTP Request Post Json data,200,OK,Thread Group 100 users 10 secs 2-18,text,true,,240,254,2,2,http://104.248.249.47/student/post,33,0,0
1554399597193,36,HTTP Request Get Json data,200,OK,Thread Group 100 users 10 secs 2-18,text,true,,446,126,2,2,http://104.248.249.47/student/get,36,0,0
1554399597189,58,HTTP Request Dynamic HTML,200,OK,Thread Group 100 users 10 secs 2-19,text,true,,4663,135,2,2,http://104.248.249.47/student/GetHtml?id=1,58,0,28
1554399597230,34,HTTP Request Data from CSV,200,OK,Thread Group 100 users 10 secs 2-18,text,true,,4664,135,2,2,http://104.248.249.47/student/GetHtml?id=4,34,0,0
1554399597247,29,HTTP Request Post Json data,200,OK,Thread Group 100 users 10 secs 2-19,text,true,,240,254,1,1,http://104.248.249.47/student/post,28,0,0
1554399597276,28,HTTP Request Get Json data,200,OK,Thread Group 100 users 10 secs 2-19,text,true,,446,126,2,2,http://104.248.249.47/student/get,28,0,0
1554399597304,31,HTTP Request Data from CSV,200,OK,Thread Group 100 users 10 secs 2-19,text,true,,4662,135,2,2,http://104.248.249.47/student/GetHtml?id=5,31,0,0
1554399597289,64,HTTP Request Dynamic HTML,200,OK,Thread Group 100 users 10 secs 2-20,text,true,,4663,135,1,1,http://104.248.249.47/student/GetHtml?id=1,64,0,27
1554399597353,29,HTTP Request Post Json data,200,OK,Thread Group 100 users 10 secs 2-20,text,true,,240,254,1,1,http://104.248.249.47/student/post,29,0,0
1554399597382,28,HTTP Request Get Json data,200,OK,Thread Group 100 users 10 secs 2-20,text,true,,446,126,2,2,http://104.248.249.47/student/get,28,0,0
1554399597410,29,HTTP Request Data from CSV,200,OK,Thread Group 100 users 10 secs 2-20,text,true,,4621,136,2,2,http://104.248.249.47/student/GetHtml?id=42,29,0,0
1554399597389,59,HTTP Request Dynamic HTML,200,OK,Thread Group 100 users 10 secs 2-21,text,true,,4663,135,1,1,http://104.248.249.47/student/GetHtml?id=1,59,0,30
1554399597448,31,HTTP Request Post Json data,200,OK,Thread Group 100 users 10 secs 2-21,text,true,,240,254,1,1,http://104.248.249.47/student/post,31,0,0
1554399597479,29,HTTP Request Get Json data,200,OK,Thread Group 100 users 10 secs 2-21,text,true,,446,126,2,2,http://104.248.249.47/student/get,29,0,0
1554399597508,29,HTTP Request Data from CSV,200,OK,Thread Group 100 users 10 secs 2-21,text,true,,4663,135,2,2,http://104.248.249.47/student/GetHtml?id=1,29,0,0
1554399597490,57,HTTP Request Dynamic HTML,200,OK,Thread Group 100 users 10 secs 2-22,text,true,,4663,135,1,1,http://104.248.249.47/student/GetHtml?id=1,57,0,27
1554399597547,29,HTTP Request Post Json data,200,OK,Thread Group 100 users 10 secs 2-22,text,true,,240,254,1,1,http://104.248.249.47/student/post,29,0,0
1554399597576,28,HTTP Request Get Json data,200,OK,Thread Group 100 users 10 secs 2-22,text,true,,446,126,2,2,http://104.248.249.47/student/get,28,0,0
1554399597604,31,HTTP Request Data from CSV,200,OK,Thread Group 100 users 10 secs 2-22,text,true,,4664,135,2,2,http://104.248.249.47/student/GetHtml?id=2,31,0,0
1554399597590,71,HTTP Request Dynamic HTML,200,OK,Thread Group 100 users 10 secs 2-23,text,true,,4663,135,1,1,http://104.248.249.47/student/GetHtml?id=1,71,0,35
1554399597661,35,HTTP Request Post Json data,200,OK,Thread Group 100 users 10 secs 2-23,text,true,,240,254,2,2,http://104.248.249.47/student/post,35,0,0
1554399597696,34,HTTP Request Get Json data,200,OK,Thread Group 100 users 10 secs 2-23,text,true,,446,126,2,2,http://104.248.249.47/student/get,34,0,0
1554399597690,58,HTTP Request Dynamic HTML,200,OK,Thread Group 100 users 10 secs 2-24,text,true,,4663,135,2,2,http://104.248.249.47/student/GetHtml?id=1,58,0,29
1554399597730,34,HTTP Request Data from CSV,200,OK,Thread Group 100 users 10 secs 2-23,text,true,,4666,135,2,2,http://104.248.249.47/student/GetHtml?id=3,34,0,0
1554399597749,30,HTTP Request Post Json data,200,OK,Thread Group 100 users 10 secs 2-24,text,true,,240,254,1,1,http://104.248.249.47/student/post,30,0,0
1554399597779,29,HTTP Request Get Json data,200,OK,Thread Group 100 users 10 secs 2-24,text,true,,446,126,2,2,http://104.248.249.47/student/get,29,0,0
1554399597808,30,HTTP Request Data from CSV,200,OK,Thread Group 100 users 10 secs 2-24,text,true,,4664,135,2,2,http://104.248.249.47/student/GetHtml?id=4,30,0,0
1554399597789,76,HTTP Request Dynamic HTML,200,OK,Thread Group 100 users 10 secs 2-25,text,true,,4663,135,1,1,http://104.248.249.47/student/GetHtml?id=1,76,0,41
1554399597865,35,HTTP Request Post Json data,200,OK,Thread Group 100 users 10 secs 2-25,text,true,,240,254,2,2,http://104.248.249.47/student/post,35,0,0
1554399597901,36,HTTP Request Get Json data,200,OK,Thread Group 100 users 10 secs 2-25,text,true,,446,126,2,2,http://104.248.249.47/student/get,36,0,0
1554399597890,69,HTTP Request Dynamic HTML,200,OK,Thread Group 100 users 10 secs 2-26,text,true,,4663,135,2,2,http://104.248.249.47/student/GetHtml?id=1,68,0,33
1554399597938,34,HTTP Request Data from CSV,200,OK,Thread Group 100 users 10 secs 2-25,text,true,,4662,135,2,2,http://104.248.249.47/student/GetHtml?id=5,34,0,0
1554399597959,35,HTTP Request Post Json data,200,OK,Thread Group 100 users 10 secs 2-26,text,true,,240,254,2,2,http://104.248.249.47/student/post,35,0,0
1554399597994,34,HTTP Request Get Json data,200,OK,Thread Group 100 users 10 secs 2-26,text,true,,446,126,2,2,http://104.248.249.47/student/get,34,0,0
1554399597991,60,HTTP Request Dynamic HTML,200,OK,Thread Group 100 users 10 secs 2-27,text,true,,4663,135,2,2,http://104.248.249.47/student/GetHtml?id=1,60,0,30
1554399598029,36,HTTP Request Data from CSV,200,OK,Thread Group 100 users 10 secs 2-26,text,true,,4621,136,2,2,http://104.248.249.47/student/GetHtml?id=42,36,0,0
1554399598051,29,HTTP Request Post Json data,200,OK,Thread Group 100 users 10 secs 2-27,text,true,,240,254,1,1,http://104.248.249.47/student/post,29,0,0
1554399598080,28,HTTP Request Get Json data,200,OK,Thread Group 100 users 10 secs 2-27,text,true,,446,126,2,2,http://104.248.249.47/student/get,28,0,0
1554399598108,28,HTTP Request Data from CSV,200,OK,Thread Group 100 users 10 secs 2-27,text,true,,4663,135,2,2,http://104.248.249.47/student/GetHtml?id=1,28,0,0
1554399598090,71,HTTP Request Dynamic HTML,200,OK,Thread Group 100 users 10 secs 2-28,text,true,,4663,135,1,1,http://104.248.249.47/student/GetHtml?id=1,71,0,35
1554399598162,34,HTTP Request Post Json data,200,OK,Thread Group 100 users 10 secs 2-28,text,true,,240,254,2,2,http://104.248.249.47/student/post,34,0,0
1554399598196,34,HTTP Request Get Json data,200,OK,Thread Group 100 users 10 secs 2-28,text,true,,446,126,2,2,http://104.248.249.47/student/get,34,0,0
1554399598190,59,HTTP Request Dynamic HTML,200,OK,Thread Group 100 users 10 secs 2-29,text,true,,4663,135,2,2,http://104.248.249.47/student/GetHtml?id=1,59,0,30
1554399598230,34,HTTP Request Data from CSV,200,OK,Thread Group 100 users 10 secs 2-28,text,true,,4664,135,2,2,http://104.248.249.47/student/GetHtml?id=2,34,0,0
1554399598249,30,HTTP Request Post Json data,200,OK,Thread Group 100 users 10 secs 2-29,text,true,,240,254,1,1,http://104.248.249.47/student/post,30,0,0
1554399598279,29,HTTP Request Get Json data,200,OK,Thread Group 100 users 10 secs 2-29,text,true,,446,126,2,2,http://104.248.249.47/student/get,29,0,0
1554399598309,28,HTTP Request Data from CSV,200,OK,Thread Group 100 users 10 secs 2-29,text,true,,4666,135,2,2,http://104.248.249.47/student/GetHtml?id=3,28,0,0
1554399598290,58,HTTP Request Dynamic HTML,200,OK,Thread Group 100 users 10 secs 2-30,text,true,,4663,135,1,1,http://104.248.249.47/student/GetHtml?id=1,58,0,29
1554399598349,30,HTTP Request Post Json data,200,OK,Thread Group 100 users 10 secs 2-30,text,true,,240,254,1,1,http://104.248.249.47/student/post,30,0,0
1554399598379,29,HTTP Request Get Json data,200,OK,Thread Group 100 users 10 secs 2-30,text,true,,446,126,2,2,http://104.248.249.47/student/get,29,0,0
1554399598408,29,HTTP Request Data from CSV,200,OK,Thread Group 100 users 10 secs 2-30,text,true,,4664,135,2,2,http://104.248.249.47/student/GetHtml?id=4,29,0,0
1554399598390,65,HTTP Request Dynamic HTML,200,OK,Thread Group 100 users 10 secs 2-31,text,true,,4663,135,1,1,http://104.248.249.47/student/GetHtml?id=1,65,0,35
1554399598456,28,HTTP Request Post Json data,200,OK,Thread Group 100 users 10 secs 2-31,text,true,,240,254,1,1,http://104.248.249.47/student/post,28,0,0
1554399598485,29,HTTP Request Get Json data,200,OK,Thread Group 100 users 10 secs 2-31,text,true,,446,126,2,2,http://104.248.249.47/student/get,29,0,0
1554399598514,29,HTTP Request Data from CSV,200,OK,Thread Group 100 users 10 secs 2-31,text,true,,4662,135,2,2,http://104.248.249.47/student/GetHtml?id=5,29,0,0
1554399598490,59,HTTP Request Dynamic HTML,200,OK,Thread Group 100 users 10 secs 2-32,text,true,,4663,135,1,1,http://104.248.249.47/student/GetHtml?id=1,58,0,29
1554399598549,30,HTTP Request Post Json data,200,OK,Thread Group 100 users 10 secs 2-32,text,true,,240,254,1,1,http://104.248.249.47/student/post,30,0,0
1554399598580,29,HTTP Request Get Json data,200,OK,Thread Group 100 users 10 secs 2-32,text,true,,446,126,2,2,http://104.248.249.47/student/get,29,0,0
1554399598609,31,HTTP Request Data from CSV,200,OK,Thread Group 100 users 10 secs 2-32,text,true,,4621,136,2,2,http://104.248.249.47/student/GetHtml?id=42,31,0,0
1554399598591,60,HTTP Request Dynamic HTML,200,OK,Thread Group 100 users 10 secs 2-33,text,true,,4663,135,1,1,http://104.248.249.47/student/GetHtml?id=1,59,0,29
1554399598651,29,HTTP Request Post Json data,200,OK,Thread Group 100 users 10 secs 2-33,text,true,,240,254,1,1,http://104.248.249.47/student/post,29,0,0
1554399598680,28,HTTP Request Get Json data,200,OK,Thread Group 100 users 10 secs 2-33,text,true,,446,126,2,2,http://104.248.249.47/student/get,28,0,0
1554399598708,29,HTTP Request Data from CSV,200,OK,Thread Group 100 users 10 secs 2-33,text,true,,4663,135,2,2,http://104.248.249.47/student/GetHtml?id=1,29,0,0
1554399598689,58,HTTP Request Dynamic HTML,200,OK,Thread Group 100 users 10 secs 2-34,text,true,,4663,135,1,1,http://104.248.249.47/student/GetHtml?id=1,58,0,28
1554399598747,29,HTTP Request Post Json data,200,OK,Thread Group 100 users 10 secs 2-34,text,true,,240,254,1,1,http://104.248.249.47/student/post,29,0,0
1554399598776,28,HTTP Request Get Json data,200,OK,Thread Group 100 users 10 secs 2-34,text,true,,446,126,2,2,http://104.248.249.47/student/get,28,0,0
1554399598804,29,HTTP Request Data from CSV,200,OK,Thread Group 100 users 10 secs 2-34,text,true,,4664,135,2,2,http://104.248.249.47/student/GetHtml?id=2,29,0,0
1554399598788,59,HTTP Request Dynamic HTML,200,OK,Thread Group 100 users 10 secs 2-35,text,true,,4663,135,1,1,http://104.248.249.47/student/GetHtml?id=1,59,0,29
1554399598848,28,HTTP Request Post Json data,200,OK,Thread Group 100 users 10 secs 2-35,text,true,,240,254,1,1,http://104.248.249.47/student/post,28,0,0
1554399598876,28,HTTP Request Get Json data,200,OK,Thread Group 100 users 10 secs 2-35,text,true,,446,126,2,2,http://104.248.249.47/student/get,28,0,0
1554399598904,29,HTTP Request Data from CSV,200,OK,Thread Group 100 users 10 secs 2-35,text,true,,4666,135,2,2,http://104.248.249.47/student/GetHtml?id=3,29,0,0
1554399598889,58,HTTP Request Dynamic HTML,200,OK,Thread Group 100 users 10 secs 2-36,text,true,,4663,135,1,1,http://104.248.249.47/student/GetHtml?id=1,58,0,28
1554399598947,29,HTTP Request Post Json data,200,OK,Thread Group 100 users 10 secs 2-36,text,true,,240,254,1,1,http://104.248.249.47/student/post,29,0,0
1554399598976,28,HTTP Request Get Json data,200,OK,Thread Group 100 users 10 secs 2-36,text,true,,446,126,2,2,http://104.248.249.47/student/get,28,0,0
1554399599004,39,HTTP Request Data from CSV,200,OK,Thread Group 100 users 10 secs 2-36,text,true,,4664,135,2,2,http://104.248.249.47/student/GetHtml?id=4,39,0,0
1554399598989,57,HTTP Request Dynamic HTML,200,OK,Thread Group 100 users 10 secs 2-37,text,true,,4663,135,1,1,http://104.248.249.47/student/GetHtml?id=1,57,0,28
1554399599047,29,HTTP Request Post Json data,200,OK,Thread Group 100 users 10 secs 2-37,text,true,,240,254,1,1,http://104.248.249.47/student/post,29,0,0
1554399599076,30,HTTP Request Get Json data,200,OK,Thread Group 100 users 10 secs 2-37,text,true,,446,126,2,2,http://104.248.249.47/student/get,30,0,0
1554399599107,29,HTTP Request Data from CSV,200,OK,Thread Group 100 users 10 secs 2-37,text,true,,4662,135,2,2,http://104.248.249.47/student/GetHtml?id=5,29,0,0
1554399599090,71,HTTP Request Dynamic HTML,200,OK,Thread Group 100 users 10 secs 2-38,text,true,,4663,135,1,1,http://104.248.249.47/student/GetHtml?id=1,71,0,36
1554399599162,35,HTTP Request Post Json data,200,OK,Thread Group 100 users 10 secs 2-38,text,true,,240,254,2,2,http://104.248.249.47/student/post,35,0,0
1554399599197,35,HTTP Request Get Json data,200,OK,Thread Group 100 users 10 secs 2-38,text,true,,446,126,2,2,http://104.248.249.47/student/get,35,0,0
1554399599192,57,HTTP Request Dynamic HTML,200,OK,Thread Group 100 users 10 secs 2-39,text,true,,4663,135,2,2,http://104.248.249.47/student/GetHtml?id=1,57,0,28
1554399599232,35,HTTP Request Data from CSV,200,OK,Thread Group 100 users 10 secs 2-38,text,true,,4621,136,2,2,http://104.248.249.47/student/GetHtml?id=42,35,0,0
1554399599249,30,HTTP Request Post Json data,200,OK,Thread Group 100 users 10 secs 2-39,text,true,,240,254,1,1,http://104.248.249.47/student/post,30,0,0
1554399599279,29,HTTP Request Get Json data,200,OK,Thread Group 100 users 10 secs 2-39,text,true,,446,126,2,2,http://104.248.249.47/student/get,29,0,0
1554399599308,29,HTTP Request Data from CSV,200,OK,Thread Group 100 users 10 secs 2-39,text,true,,4663,135,2,2,http://104.248.249.47/student/GetHtml?id=1,29,0,0
1554399599290,59,HTTP Request Dynamic HTML,200,OK,Thread Group 100 users 10 secs 2-40,text,true,,4663,135,1,1,http://104.248.249.47/student/GetHtml?id=1,59,0,29
1554399599350,30,HTTP Request Post Json data,200,OK,Thread Group 100 users 10 secs 2-40,text,true,,240,254,1,1,http://104.248.249.47/student/post,30,0,0
1554399599380,27,HTTP Request Get Json data,200,OK,Thread Group 100 users 10 secs 2-40,text,true,,446,126,2,2,http://104.248.249.47/student/get,27,0,0
1554399599407,29,HTTP Request Data from CSV,200,OK,Thread Group 100 users 10 secs 2-40,text,true,,4664,135,2,2,http://104.248.249.47/student/GetHtml?id=2,29,0,0
1554399599389,72,HTTP Request Dynamic HTML,200,OK,Thread Group 100 users 10 secs 2-41,text,true,,4663,135,1,1,http://104.248.249.47/student/GetHtml?id=1,72,0,36
1554399599461,35,HTTP Request Post Json data,200,OK,Thread Group 100 users 10 secs 2-41,text,true,,240,254,2,2,http://104.248.249.47/student/post,35,0,0
1554399599497,35,HTTP Request Get Json data,200,OK,Thread Group 100 users 10 secs 2-41,text,true,,446,126,2,2,http://104.248.249.47/student/get,35,0,0
1554399599490,59,HTTP Request Dynamic HTML,200,OK,Thread Group 100 users 10 secs 2-42,text,true,,4663,135,2,2,http://104.248.249.47/student/GetHtml?id=1,59,0,29
1554399599532,35,HTTP Request Data from CSV,200,OK,Thread Group 100 users 10 secs 2-41,text,true,,4666,135,2,2,http://104.248.249.47/student/GetHtml?id=3,35,0,0
1554399599549,30,HTTP Request Post Json data,200,OK,Thread Group 100 users 10 secs 2-42,text,true,,240,254,1,1,http://104.248.249.47/student/post,30,0,0
1554399599579,29,HTTP Request Get Json data,200,OK,Thread Group 100 users 10 secs 2-42,text,true,,446,126,2,2,http://104.248.249.47/student/get,29,0,0
1554399599608,29,HTTP Request Data from CSV,200,OK,Thread Group 100 users 10 secs 2-42,text,true,,4664,135,2,2,http://104.248.249.47/student/GetHtml?id=4,29,0,0
1554399599590,71,HTTP Request Dynamic HTML,200,OK,Thread Group 100 users 10 secs 2-43,text,true,,4663,135,1,1,http://104.248.249.47/student/GetHtml?id=1,71,0,35
1554399599661,36,HTTP Request Post Json data,200,OK,Thread Group 100 users 10 secs 2-43,text,true,,240,254,2,2,http://104.248.249.47/student/post,36,0,0
1554399599697,35,HTTP Request Get Json data,200,OK,Thread Group 100 users 10 secs 2-43,text,true,,446,126,2,2,http://104.248.249.47/student/get,35,0,0
1554399599691,70,HTTP Request Dynamic HTML,200,OK,Thread Group 100 users 10 secs 2-44,text,true,,4663,135,2,2,http://104.248.249.47/student/GetHtml?id=1,70,0,34
1554399599733,34,HTTP Request Data from CSV,200,OK,Thread Group 100 users 10 secs 2-43,text,true,,4662,135,2,2,http://104.248.249.47/student/GetHtml?id=5,33,0,0
1554399599761,35,HTTP Request Post Json data,200,OK,Thread Group 100 users 10 secs 2-44,text,true,,240,254,2,2,http://104.248.249.47/student/post,35,0,0
1554399599796,35,HTTP Request Get Json data,200,OK,Thread Group 100 users 10 secs 2-44,text,true,,446,126,2,2,http://104.248.249.47/student/get,35,0,0
1554399599791,58,HTTP Request Dynamic HTML,200,OK,Thread Group 100 users 10 secs 2-45,text,true,,4663,135,2,2,http://104.248.249.47/student/GetHtml?id=1,58,0,27
1554399599831,36,HTTP Request Data from CSV,200,OK,Thread Group 100 users 10 secs 2-44,text,true,,4621,136,2,2,http://104.248.249.47/student/GetHtml?id=42,36,0,0
1554399599849,30,HTTP Request Post Json data,200,OK,Thread Group 100 users 10 secs 2-45,text,true,,240,254,1,1,http://104.248.249.47/student/post,30,0,0
1554399599879,29,HTTP Request Get Json data,200,OK,Thread Group 100 users 10 secs 2-45,text,true,,446,126,2,2,http://104.248.249.47/student/get,29,0,0
1554399599908,31,HTTP Request Data from CSV,200,OK,Thread Group 100 users 10 secs 2-45,text,true,,4663,135,2,2,http://104.248.249.47/student/GetHtml?id=1,31,0,0
1554399599890,71,HTTP Request Dynamic HTML,200,OK,Thread Group 100 users 10 secs 2-46,text,true,,4663,135,1,1,http://104.248.249.47/student/GetHtml?id=1,71,0,35
1554399599961,35,HTTP Request Post Json data,200,OK,Thread Group 100 users 10 secs 2-46,text,true,,240,254,2,2,http://104.248.249.47/student/post,35,0,0
1554399599996,34,HTTP Request Get Json data,200,OK,Thread Group 100 users 10 secs 2-46,text,true,,446,126,2,2,http://104.248.249.47/student/get,34,0,0
1554399599990,58,HTTP Request Dynamic HTML,200,OK,Thread Group 100 users 10 secs 2-47,text,true,,4663,135,2,2,http://104.248.249.47/student/GetHtml?id=1,58,0,28
1554399600030,35,HTTP Request Data from CSV,200,OK,Thread Group 100 users 10 secs 2-46,text,true,,4664,135,2,2,http://104.248.249.47/student/GetHtml?id=2,35,0,0
1554399600049,27,HTTP Request Post Json data,200,OK,Thread Group 100 users 10 secs 2-47,text,true,,240,254,1,1,http://104.248.249.47/student/post,27,0,0
1554399600076,28,HTTP Request Get Json data,200,OK,Thread Group 100 users 10 secs 2-47,text,true,,446,126,2,2,http://104.248.249.47/student/get,28,0,0
1554399600104,29,HTTP Request Data from CSV,200,OK,Thread Group 100 users 10 secs 2-47,text,true,,4666,135,2,2,http://104.248.249.47/student/GetHtml?id=3,29,0,0
1554399600089,57,HTTP Request Dynamic HTML,200,OK,Thread Group 100 users 10 secs 2-48,text,true,,4663,135,1,1,http://104.248.249.47/student/GetHtml?id=1,57,0,28
1554399600147,29,HTTP Request Post Json data,200,OK,Thread Group 100 users 10 secs 2-48,text,true,,240,254,1,1,http://104.248.249.47/student/post,29,0,0
1554399600176,28,HTTP Request Get Json data,200,OK,Thread Group 100 users 10 secs 2-48,text,true,,446,126,2,2,http://104.248.249.47/student/get,28,0,0
1554399600204,29,HTTP Request Data from CSV,200,OK,Thread Group 100 users 10 secs 2-48,text,true,,4664,135,2,2,http://104.248.249.47/student/GetHtml?id=4,29,0,0
1554399600190,71,HTTP Request Dynamic HTML,200,OK,Thread Group 100 users 10 secs 2-49,text,true,,4663,135,1,1,http://104.248.249.47/student/GetHtml?id=1,71,0,35
1554399600261,35,HTTP Request Post Json data,200,OK,Thread Group 100 users 10 secs 2-49,text,true,,240,254,2,2,http://104.248.249.47/student/post,35,0,0
1554399600296,36,HTTP Request Get Json data,200,OK,Thread Group 100 users 10 secs 2-49,text,true,,446,126,2,2,http://104.248.249.47/student/get,36,0,0
1554399600290,59,HTTP Request Dynamic HTML,200,OK,Thread Group 100 users 10 secs 2-50,text,true,,4663,135,2,2,http://104.248.249.47/student/GetHtml?id=1,59,0,29
1554399600332,35,HTTP Request Data from CSV,200,OK,Thread Group 100 users 10 secs 2-49,text,true,,4662,135,2,2,http://104.248.249.47/student/GetHtml?id=5,35,0,0
1554399600350,29,HTTP Request Post Json data,200,OK,Thread Group 100 users 10 secs 2-50,text,true,,240,254,1,1,http://104.248.249.47/student/post,29,0,0
1554399600380,28,HTTP Request Get Json data,200,OK,Thread Group 100 users 10 secs 2-50,text,true,,446,126,2,2,http://104.248.249.47/student/get,28,0,0
1554399600408,29,HTTP Request Data from CSV,200,OK,Thread Group 100 users 10 secs 2-50,text,true,,4621,136,2,2,http://104.248.249.47/student/GetHtml?id=42,29,0,0
1554399600391,69,HTTP Request Dynamic HTML,200,OK,Thread Group 100 users 10 secs 2-51,text,true,,4663,135,1,1,http://104.248.249.47/student/GetHtml?id=1,69,0,33
1554399600460,28,HTTP Request Post Json data,200,OK,Thread Group 100 users 10 secs 2-51,text,true,,240,254,1,1,http://104.248.249.47/student/post,28,0,0
1554399600488,28,HTTP Request Get Json data,200,OK,Thread Group 100 users 10 secs 2-51,text,true,,446,126,2,2,http://104.248.249.47/student/get,28,0,0
1554399600516,29,HTTP Request Data from CSV,200,OK,Thread Group 100 users 10 secs 2-51,text,true,,4663,135,2,2,http://104.248.249.47/student/GetHtml?id=1,29,0,0
1554399600489,70,HTTP Request Dynamic HTML,200,OK,Thread Group 100 users 10 secs 2-52,text,true,,4663,135,1,1,http://104.248.249.47/student/GetHtml?id=1,70,0,33
1554399600559,34,HTTP Request Post Json data,200,OK,Thread Group 100 users 10 secs 2-52,text,true,,240,254,2,2,http://104.248.249.47/student/post,34,0,0
1554399600593,37,HTTP Request Get Json data,200,OK,Thread Group 100 users 10 secs 2-52,text,true,,446,126,2,2,http://104.248.249.47/student/get,37,0,0
1554399600589,58,HTTP Request Dynamic HTML,200,OK,Thread Group 100 users 10 secs 2-53,text,true,,4663,135,2,2,http://104.248.249.47/student/GetHtml?id=1,58,0,28
1554399600630,35,HTTP Request Data from CSV,200,OK,Thread Group 100 users 10 secs 2-52,text,true,,4664,135,2,2,http://104.248.249.47/student/GetHtml?id=2,35,0,0
1554399600647,29,HTTP Request Post Json data,200,OK,Thread Group 100 users 10 secs 2-53,text,true,,240,254,1,1,http://104.248.249.47/student/post,29,0,0
1554399600676,28,HTTP Request Get Json data,200,OK,Thread Group 100 users 10 secs 2-53,text,true,,446,126,2,2,http://104.248.249.47/student/get,28,0,0
1554399600704,29,HTTP Request Data from CSV,200,OK,Thread Group 100 users 10 secs 2-53,text,true,,4666,135,2,2,http://104.248.249.47/student/GetHtml?id=3,29,0,0
1554399600690,59,HTTP Request Dynamic HTML,200,OK,Thread Group 100 users 10 secs 2-54,text,true,,4663,135,1,1,http://104.248.249.47/student/GetHtml?id=1,59,0,29
1554399600749,30,HTTP Request Post Json data,200,OK,Thread Group 100 users 10 secs 2-54,text,true,,240,254,1,1,http://104.248.249.47/student/post,30,0,0
1554399600780,30,HTTP Request Get Json data,200,OK,Thread Group 100 users 10 secs 2-54,text,true,,446,126,2,2,http://104.248.249.47/student/get,30,0,0
1554399600810,29,HTTP Request Data from CSV,200,OK,Thread Group 100 users 10 secs 2-54,text,true,,4664,135,2,2,http://104.248.249.47/student/GetHtml?id=4,29,0,0
1554399600790,71,HTTP Request Dynamic HTML,200,OK,Thread Group 100 users 10 secs 2-55,text,true,,4663,135,1,1,http://104.248.249.47/student/GetHtml?id=1,71,0,35
1554399600861,35,HTTP Request Post Json data,200,OK,Thread Group 100 users 10 secs 2-55,text,true,,240,254,2,2,http://104.248.249.47/student/post,35,0,0
1554399600896,37,HTTP Request Get Json data,200,OK,Thread Group 100 users 10 secs 2-55,text,true,,446,126,2,2,http://104.248.249.47/student/get,37,0,0
1554399600889,58,HTTP Request Dynamic HTML,200,OK,Thread Group 100 users 10 secs 2-56,text,true,,4663,135,2,2,http://104.248.249.47/student/GetHtml?id=1,58,0,27
1554399600933,36,HTTP Request Data from CSV,200,OK,Thread Group 100 users 10 secs 2-55,text,true,,4662,135,2,2,http://104.248.249.47/student/GetHtml?id=5,36,0,0
1554399600947,30,HTTP Request Post Json data,200,OK,Thread Group 100 users 10 secs 2-56,text,true,,240,254,1,1,http://104.248.249.47/student/post,30,0,0
1554399600977,29,HTTP Request Get Json data,200,OK,Thread Group 100 users 10 secs 2-56,text,true,,446,126,2,2,http://104.248.249.47/student/get,29,0,0
1554399601006,29,HTTP Request Data from CSV,200,OK,Thread Group 100 users 10 secs 2-56,text,true,,4621,136,2,2,http://104.248.249.47/student/GetHtml?id=42,29,0,0
1554399600990,71,HTTP Request Dynamic HTML,200,OK,Thread Group 100 users 10 secs 2-57,text,true,,4663,135,1,1,http://104.248.249.47/student/GetHtml?id=1,71,0,35
1554399601061,35,HTTP Request Post Json data,200,OK,Thread Group 100 users 10 secs 2-57,text,true,,240,254,2,2,http://104.248.249.47/student/post,35,0,0
1554399601096,34,HTTP Request Get Json data,200,OK,Thread Group 100 users 10 secs 2-57,text,true,,446,126,2,2,http://104.248.249.47/student/get,34,0,0
1554399601089,70,HTTP Request Dynamic HTML,200,OK,Thread Group 100 users 10 secs 2-58,text,true,,4663,135,2,2,http://104.248.249.47/student/GetHtml?id=1,70,0,34
1554399601130,34,HTTP Request Data from CSV,200,OK,Thread Group 100 users 10 secs 2-57,text,true,,4663,135,2,2,http://104.248.249.47/student/GetHtml?id=1,34,0,0
1554399601159,35,HTTP Request Post Json data,200,OK,Thread Group 100 users 10 secs 2-58,text,true,,240,254,2,2,http://104.248.249.47/student/post,35,0,0
1554399601194,36,HTTP Request Get Json data,200,OK,Thread Group 100 users 10 secs 2-58,text,true,,446,126,2,2,http://104.248.249.47/student/get,36,0,0
1554399601189,62,HTTP Request Dynamic HTML,200,OK,Thread Group 100 users 10 secs 2-59,text,true,,4663,135,2,2,http://104.248.249.47/student/GetHtml?id=1,62,0,29
1554399601230,37,HTTP Request Data from CSV,200,OK,Thread Group 100 users 10 secs 2-58,text,true,,4664,135,2,2,http://104.248.249.47/student/GetHtml?id=2,37,0,0
1554399601251,29,HTTP Request Post Json data,200,OK,Thread Group 100 users 10 secs 2-59,text,true,,240,254,1,1,http://104.248.249.47/student/post,29,0,0
1554399601280,27,HTTP Request Get Json data,200,OK,Thread Group 100 users 10 secs 2-59,text,true,,446,126,2,2,http://104.248.249.47/student/get,27,0,0
1554399601307,29,HTTP Request Data from CSV,200,OK,Thread Group 100 users 10 secs 2-59,text,true,,4666,135,2,2,http://104.248.249.47/student/GetHtml?id=3,29,0,0
1554399601290,71,HTTP Request Dynamic HTML,200,OK,Thread Group 100 users 10 secs 2-60,text,true,,4663,135,1,1,http://104.248.249.47/student/GetHtml?id=1,71,0,35
1554399601361,35,HTTP Request Post Json data,200,OK,Thread Group 100 users 10 secs 2-60,text,true,,240,254,2,2,http://104.248.249.47/student/post,35,0,0
1554399601396,36,HTTP Request Get Json data,200,OK,Thread Group 100 users 10 secs 2-60,text,true,,446,126,2,2,http://104.248.249.47/student/get,36,0,0
1554399601390,59,HTTP Request Dynamic HTML,200,OK,Thread Group 100 users 10 secs 2-61,text,true,,4663,135,2,2,http://104.248.249.47/student/GetHtml?id=1,59,0,29
1554399601432,35,HTTP Request Data from CSV,200,OK,Thread Group 100 users 10 secs 2-60,text,true,,4664,135,2,2,http://104.248.249.47/student/GetHtml?id=4,35,0,0
1554399601449,30,HTTP Request Post Json data,200,OK,Thread Group 100 users 10 secs 2-61,text,true,,240,254,1,1,http://104.248.249.47/student/post,30,0,0
1554399601479,29,HTTP Request Get Json data,200,OK,Thread Group 100 users 10 secs 2-61,text,true,,446,126,2,2,http://104.248.249.47/student/get,29,0,0
1554399601508,29,HTTP Request Data from CSV,200,OK,Thread Group 100 users 10 secs 2-61,text,true,,4662,135,2,2,http://104.248.249.47/student/GetHtml?id=5,29,0,0
1554399601490,71,HTTP Request Dynamic HTML,200,OK,Thread Group 100 users 10 secs 2-62,text,true,,4663,135,1,1,http://104.248.249.47/student/GetHtml?id=1,71,0,35
1554399601561,34,HTTP Request Post Json data,200,OK,Thread Group 100 users 10 secs 2-62,text,true,,240,254,2,2,http://104.248.249.47/student/post,34,0,0
1554399601595,35,HTTP Request Get Json data,200,OK,Thread Group 100 users 10 secs 2-62,text,true,,446,126,2,2,http://104.248.249.47/student/get,35,0,0
1554399601590,61,HTTP Request Dynamic HTML,200,OK,Thread Group 100 users 10 secs 2-63,text,true,,4663,135,2,2,http://104.248.249.47/student/GetHtml?id=1,61,0,27
1554399601630,35,HTTP Request Data from CSV,200,OK,Thread Group 100 users 10 secs 2-62,text,true,,4621,136,2,2,http://104.248.249.47/student/GetHtml?id=42,35,0,0
1554399601651,29,HTTP Request Post Json data,200,OK,Thread Group 100 users 10 secs 2-63,text,true,,240,254,1,1,http://104.248.249.47/student/post,29,0,0
1554399601680,28,HTTP Request Get Json data,200,OK,Thread Group 100 users 10 secs 2-63,text,true,,446,126,2,2,http://104.248.249.47/student/get,28,0,0
1554399601708,29,HTTP Request Data from CSV,200,OK,Thread Group 100 users 10 secs 2-63,text,true,,4663,135,2,2,http://104.248.249.47/student/GetHtml?id=1,29,0,0
1554399601689,68,HTTP Request Dynamic HTML,200,OK,Thread Group 100 users 10 secs 2-64,text,true,,4663,135,1,1,http://104.248.249.47/student/GetHtml?id=1,68,0,33
1554399601758,35,HTTP Request Post Json data,200,OK,Thread Group 100 users 10 secs 2-64,text,true,,240,254,2,2,http://104.248.249.47/student/post,35,0,0
1554399601793,34,HTTP Request Get Json data,200,OK,Thread Group 100 users 10 secs 2-64,text,true,,446,126,2,2,http://104.248.249.47/student/get,34,0,0
1554399601790,59,HTTP Request Dynamic HTML,200,OK,Thread Group 100 users 10 secs 2-65,text,true,,4663,135,2,2,http://104.248.249.47/student/GetHtml?id=1,59,0,29
1554399601827,36,HTTP Request Data from CSV,200,OK,Thread Group 100 users 10 secs 2-64,text,true,,4664,135,2,2,http://104.248.249.47/student/GetHtml?id=2,36,0,0
1554399601850,29,HTTP Request Post Json data,200,OK,Thread Group 100 users 10 secs 2-65,text,true,,240,254,1,1,http://104.248.249.47/student/post,29,0,0
1554399601880,28,HTTP Request Get Json data,200,OK,Thread Group 100 users 10 secs 2-65,text,true,,446,126,2,2,http://104.248.249.47/student/get,28,0,0
1554399601908,29,HTTP Request Data from CSV,200,OK,Thread Group 100 users 10 secs 2-65,text,true,,4666,135,2,2,http://104.248.249.47/student/GetHtml?id=3,29,0,0
1554399601890,71,HTTP Request Dynamic HTML,200,OK,Thread Group 100 users 10 secs 2-66,text,true,,4663,135,1,1,http://104.248.249.47/student/GetHtml?id=1,71,0,35
1554399601962,34,HTTP Request Post Json data,200,OK,Thread Group 100 users 10 secs 2-66,text,true,,240,254,2,2,http://104.248.249.47/student/post,34,0,0
1554399601996,36,HTTP Request Get Json data,200,OK,Thread Group 100 users 10 secs 2-66,text,true,,446,126,2,2,http://104.248.249.47/student/get,36,0,0
1554399601990,59,HTTP Request Dynamic HTML,200,OK,Thread Group 100 users 10 secs 2-67,text,true,,4663,135,2,2,http://104.248.249.47/student/GetHtml?id=1,59,0,28
1554399602032,35,HTTP Request Data from CSV,200,OK,Thread Group 100 users 10 secs 2-66,text,true,,4664,135,2,2,http://104.248.249.47/student/GetHtml?id=4,35,0,0
1554399602049,30,HTTP Request Post Json data,200,OK,Thread Group 100 users 10 secs 2-67,text,true,,240,254,1,1,http://104.248.249.47/student/post,30,0,0
1554399602079,29,HTTP Request Get Json data,200,OK,Thread Group 100 users 10 secs 2-67,text,true,,446,126,2,2,http://104.248.249.47/student/get,29,0,0
1554399602108,29,HTTP Request Data from CSV,200,OK,Thread Group 100 users 10 secs 2-67,text,true,,4662,135,2,2,http://104.248.249.47/student/GetHtml?id=5,29,0,0
1554399602091,71,HTTP Request Dynamic HTML,200,OK,Thread Group 100 users 10 secs 2-68,text,true,,4663,135,1,1,http://104.248.249.47/student/GetHtml?id=1,71,0,33
1554399602162,34,HTTP Request Post Json data,200,OK,Thread Group 100 users 10 secs 2-68,text,true,,240,254,2,2,http://104.248.249.47/student/post,34,0,0
1554399602196,34,HTTP Request Get Json data,200,OK,Thread Group 100 users 10 secs 2-68,text,true,,446,126,2,2,http://104.248.249.47/student/get,34,0,0
1554399602189,62,HTTP Request Dynamic HTML,200,OK,Thread Group 100 users 10 secs 2-69,text,true,,4663,135,2,2,http://104.248.249.47/student/GetHtml?id=1,62,0,31
1554399602230,34,HTTP Request Data from CSV,200,OK,Thread Group 100 users 10 secs 2-68,text,true,,4621,136,2,2,http://104.248.249.47/student/GetHtml?id=42,34,0,0
1554399602251,29,HTTP Request Post Json data,200,OK,Thread Group 100 users 10 secs 2-69,text,true,,240,254,1,1,http://104.248.249.47/student/post,29,0,0
1554399602280,28,HTTP Request Get Json data,200,OK,Thread Group 100 users 10 secs 2-69,text,true,,446,126,2,2,http://104.248.249.47/student/get,28,0,0
1554399602308,29,HTTP Request Data from CSV,200,OK,Thread Group 100 users 10 secs 2-69,text,true,,4663,135,2,2,http://104.248.249.47/student/GetHtml?id=1,29,0,0
1554399602290,59,HTTP Request Dynamic HTML,200,OK,Thread Group 100 users 10 secs 2-70,text,true,,4663,135,1,1,http://104.248.249.47/student/GetHtml?id=1,59,0,29
1554399602350,29,HTTP Request Post Json data,200,OK,Thread Group 100 users 10 secs 2-70,text,true,,240,254,1,1,http://104.248.249.47/student/post,29,0,0
1554399602380,28,HTTP Request Get Json data,200,OK,Thread Group 100 users 10 secs 2-70,text,true,,446,126,2,2,http://104.248.249.47/student/get,28,0,0
1554399602408,31,HTTP Request Data from CSV,200,OK,Thread Group 100 users 10 secs 2-70,text,true,,4664,135,2,2,http://104.248.249.47/student/GetHtml?id=2,31,0,0
1554399602389,66,HTTP Request Dynamic HTML,200,OK,Thread Group 100 users 10 secs 2-71,text,true,,4663,135,1,1,http://104.248.249.47/student/GetHtml?id=1,66,0,36
1554399602455,31,HTTP Request Post Json data,200,OK,Thread Group 100 users 10 secs 2-71,text,true,,240,254,1,1,http://104.248.249.47/student/post,31,0,0
1554399602486,28,HTTP Request Get Json data,200,OK,Thread Group 100 users 10 secs 2-71,text,true,,446,126,2,2,http://104.248.249.47/student/get,28,0,0
1554399602514,31,HTTP Request Data from CSV,200,OK,Thread Group 100 users 10 secs 2-71,text,true,,4666,135,2,2,http://104.248.249.47/student/GetHtml?id=3,31,0,0
1554399602491,70,HTTP Request Dynamic HTML,200,OK,Thread Group 100 users 10 secs 2-72,text,true,,4663,135,1,1,http://104.248.249.47/student/GetHtml?id=1,70,0,34
1554399602561,35,HTTP Request Post Json data,200,OK,Thread Group 100 users 10 secs 2-72,text,true,,240,254,2,2,http://104.248.249.47/student/post,35,0,0
1554399602596,34,HTTP Request Get Json data,200,OK,Thread Group 100 users 10 secs 2-72,text,true,,446,126,2,2,http://104.248.249.47/student/get,34,0,0
1554399602591,70,HTTP Request Dynamic HTML,200,OK,Thread Group 100 users 10 secs 2-73,text,true,,4663,135,2,2,http://104.248.249.47/student/GetHtml?id=1,70,0,34
1554399602630,34,HTTP Request Data from CSV,200,OK,Thread Group 100 users 10 secs 2-72,text,true,,4664,135,2,2,http://104.248.249.47/student/GetHtml?id=4,34,0,0
1554399602661,36,HTTP Request Post Json data,200,OK,Thread Group 100 users 10 secs 2-73,text,true,,240,254,2,2,http://104.248.249.47/student/post,36,0,0
1554399602697,35,HTTP Request Get Json data,200,OK,Thread Group 100 users 10 secs 2-73,text,true,,446,126,2,2,http://104.248.249.47/student/get,35,0,0
1554399602690,71,HTTP Request Dynamic HTML,200,OK,Thread Group 100 users 10 secs 2-74,text,true,,4663,135,2,2,http://104.248.249.47/student/GetHtml?id=1,71,0,35
1554399602732,34,HTTP Request Data from CSV,200,OK,Thread Group 100 users 10 secs 2-73,text,true,,4662,135,2,2,http://104.248.249.47/student/GetHtml?id=5,34,0,0
1554399602762,34,HTTP Request Post Json data,200,OK,Thread Group 100 users 10 secs 2-74,text,true,,240,254,2,2,http://104.248.249.47/student/post,34,0,0
1554399602796,34,HTTP Request Get Json data,200,OK,Thread Group 100 users 10 secs 2-74,text,true,,446,126,2,2,http://104.248.249.47/student/get,34,0,0
1554399602791,69,HTTP Request Dynamic HTML,200,OK,Thread Group 100 users 10 secs 2-75,text,true,,4663,135,2,2,http://104.248.249.47/student/GetHtml?id=1,69,0,34
1554399602830,34,HTTP Request Data from CSV,200,OK,Thread Group 100 users 10 secs 2-74,text,true,,4621,136,2,2,http://104.248.249.47/student/GetHtml?id=42,34,0,0
1554399602860,34,HTTP Request Post Json data,200,OK,Thread Group 100 users 10 secs 2-75,text,true,,240,254,2,2,http://104.248.249.47/student/post,34,0,0
1554399602894,34,HTTP Request Get Json data,200,OK,Thread Group 100 users 10 secs 2-75,text,true,,446,126,2,2,http://104.248.249.47/student/get,34,0,0
1554399602889,58,HTTP Request Dynamic HTML,200,OK,Thread Group 100 users 10 secs 2-76,text,true,,4663,135,2,2,http://104.248.249.47/student/GetHtml?id=1,58,0,28
1554399602928,36,HTTP Request Data from CSV,200,OK,Thread Group 100 users 10 secs 2-75,text,true,,4663,135,2,2,http://104.248.249.47/student/GetHtml?id=1,36,0,0
1554399602947,27,HTTP Request Post Json data,200,OK,Thread Group 100 users 10 secs 2-76,text,true,,240,254,1,1,http://104.248.249.47/student/post,27,0,0
1554399602975,27,HTTP Request Get Json data,200,OK,Thread Group 100 users 10 secs 2-76,text,true,,446,126,2,2,http://104.248.249.47/student/get,27,0,0
1554399603006,31,HTTP Request Data from CSV,200,OK,Thread Group 100 users 10 secs 2-76,text,true,,4664,135,2,2,http://104.248.249.47/student/GetHtml?id=2,31,0,0
1554399602991,59,HTTP Request Dynamic HTML,200,OK,Thread Group 100 users 10 secs 2-77,text,true,,4663,135,1,1,http://104.248.249.47/student/GetHtml?id=1,59,0,30
1554399603050,30,HTTP Request Post Json data,200,OK,Thread Group 100 users 10 secs 2-77,text,true,,240,254,1,1,http://104.248.249.47/student/post,30,0,0
1554399603080,28,HTTP Request Get Json data,200,OK,Thread Group 100 users 10 secs 2-77,text,true,,446,126,2,2,http://104.248.249.47/student/get,28,0,0
1554399603109,28,HTTP Request Data from CSV,200,OK,Thread Group 100 users 10 secs 2-77,text,true,,4666,135,2,2,http://104.248.249.47/student/GetHtml?id=3,28,0,0
1554399603091,72,HTTP Request Dynamic HTML,200,OK,Thread Group 100 users 10 secs 2-78,text,true,,4663,135,1,1,http://104.248.249.47/student/GetHtml?id=1,72,0,35
1554399603163,35,HTTP Request Post Json data,200,OK,Thread Group 100 users 10 secs 2-78,text,true,,240,254,2,2,http://104.248.249.47/student/post,35,0,0
1554399603199,35,HTTP Request Get Json data,200,OK,Thread Group 100 users 10 secs 2-78,text,true,,446,126,2,2,http://104.248.249.47/student/get,35,0,0
1554399603191,57,HTTP Request Dynamic HTML,200,OK,Thread Group 100 users 10 secs 2-79,text,true,,4663,135,2,2,http://104.248.249.47/student/GetHtml?id=1,57,0,29
1554399603234,35,HTTP Request Data from CSV,200,OK,Thread Group 100 users 10 secs 2-78,text,true,,4664,135,2,2,http://104.248.249.47/student/GetHtml?id=4,35,0,0
1554399603249,27,HTTP Request Post Json data,200,OK,Thread Group 100 users 10 secs 2-79,text,true,,240,254,1,1,http://104.248.249.47/student/post,27,0,0
1554399603276,30,HTTP Request Get Json data,200,OK,Thread Group 100 users 10 secs 2-79,text,true,,446,126,2,2,http://104.248.249.47/student/get,30,0,0
1554399603306,29,HTTP Request Data from CSV,200,OK,Thread Group 100 users 10 secs 2-79,text,true,,4662,135,2,2,http://104.248.249.47/student/GetHtml?id=5,29,0,0
1554399603291,72,HTTP Request Dynamic HTML,200,OK,Thread Group 100 users 10 secs 2-80,text,true,,4663,135,1,1,http://104.248.249.47/student/GetHtml?id=1,72,0,36
1554399603363,34,HTTP Request Post Json data,200,OK,Thread Group 100 users 10 secs 2-80,text,true,,240,254,2,2,http://104.248.249.47/student/post,34,0,0
1554399603397,35,HTTP Request Get Json data,200,OK,Thread Group 100 users 10 secs 2-80,text,true,,446,126,2,2,http://104.248.249.47/student/get,35,0,0
1554399603391,70,HTTP Request Dynamic HTML,200,OK,Thread Group 100 users 10 secs 2-81,text,true,,4663,135,2,2,http://104.248.249.47/student/GetHtml?id=1,70,0,34
1554399603432,34,HTTP Request Data from CSV,200,OK,Thread Group 100 users 10 secs 2-80,text,true,,4621,136,2,2,http://104.248.249.47/student/GetHtml?id=42,34,0,0
1554399603462,38,HTTP Request Post Json data,200,OK,Thread Group 100 users 10 secs 2-81,text,true,,240,254,2,2,http://104.248.249.47/student/post,38,0,0
1554399603500,44,HTTP Request Get Json data,200,OK,Thread Group 100 users 10 secs 2-81,text,true,,446,126,2,2,http://104.248.249.47/student/get,44,0,0
1554399603489,59,HTTP Request Dynamic HTML,200,OK,Thread Group 100 users 10 secs 2-82,text,true,,4663,135,2,2,http://104.248.249.47/student/GetHtml?id=1,59,0,29
1554399603549,31,HTTP Request Post Json data,200,OK,Thread Group 100 users 10 secs 2-82,text,true,,240,254,2,2,http://104.248.249.47/student/post,31,0,0
1554399603544,36,HTTP Request Data from CSV,200,OK,Thread Group 100 users 10 secs 2-81,text,true,,4663,135,2,2,http://104.248.249.47/student/GetHtml?id=1,36,0,0
1554399603580,28,HTTP Request Get Json data,200,OK,Thread Group 100 users 10 secs 2-82,text,true,,446,126,2,2,http://104.248.249.47/student/get,28,0,0
1554399603608,32,HTTP Request Data from CSV,200,OK,Thread Group 100 users 10 secs 2-82,text,true,,4664,135,2,2,http://104.248.249.47/student/GetHtml?id=2,32,0,0
1554399603590,60,HTTP Request Dynamic HTML,200,OK,Thread Group 100 users 10 secs 2-83,text,true,,4663,135,1,1,http://104.248.249.47/student/GetHtml?id=1,60,0,29
1554399603650,29,HTTP Request Post Json data,200,OK,Thread Group 100 users 10 secs 2-83,text,true,,240,254,1,1,http://104.248.249.47/student/post,29,0,0
1554399603679,29,HTTP Request Get Json data,200,OK,Thread Group 100 users 10 secs 2-83,text,true,,446,126,2,2,http://104.248.249.47/student/get,29,0,0
1554399603708,29,HTTP Request Data from CSV,200,OK,Thread Group 100 users 10 secs 2-83,text,true,,4666,135,2,2,http://104.248.249.47/student/GetHtml?id=3,29,0,0
1554399603690,56,HTTP Request Dynamic HTML,200,OK,Thread Group 100 users 10 secs 2-84,text,true,,4663,135,1,1,http://104.248.249.47/student/GetHtml?id=1,56,0,26
1554399603747,27,HTTP Request Post Json data,200,OK,Thread Group 100 users 10 secs 2-84,text,true,,240,254,1,1,http://104.248.249.47/student/post,27,0,0
1554399603775,31,HTTP Request Get Json data,200,OK,Thread Group 100 users 10 secs 2-84,text,true,,446,126,2,2,http://104.248.249.47/student/get,31,0,0
1554399603807,28,HTTP Request Data from CSV,200,OK,Thread Group 100 users 10 secs 2-84,text,true,,4664,135,2,2,http://104.248.249.47/student/GetHtml?id=4,28,0,0
1554399603790,58,HTTP Request Dynamic HTML,200,OK,Thread Group 100 users 10 secs 2-85,text,true,,4663,135,1,1,http://104.248.249.47/student/GetHtml?id=1,58,0,30
1554399603848,28,HTTP Request Post Json data,200,OK,Thread Group 100 users 10 secs 2-85,text,true,,240,254,1,1,http://104.248.249.47/student/post,28,0,0
1554399603876,28,HTTP Request Get Json data,200,OK,Thread Group 100 users 10 secs 2-85,text,true,,446,126,2,2,http://104.248.249.47/student/get,28,0,0
1554399603905,28,HTTP Request Data from CSV,200,OK,Thread Group 100 users 10 secs 2-85,text,true,,4662,135,2,2,http://104.248.249.47/student/GetHtml?id=5,28,0,0
1554399603888,71,HTTP Request Dynamic HTML,200,OK,Thread Group 100 users 10 secs 2-86,text,true,,4663,135,1,1,http://104.248.249.47/student/GetHtml?id=1,71,0,35
1554399603960,34,HTTP Request Post Json data,200,OK,Thread Group 100 users 10 secs 2-86,text,true,,240,254,2,2,http://104.248.249.47/student/post,34,0,0
1554399603994,34,HTTP Request Get Json data,200,OK,Thread Group 100 users 10 secs 2-86,text,true,,446,126,2,2,http://104.248.249.47/student/get,34,0,0
1554399603990,60,HTTP Request Dynamic HTML,200,OK,Thread Group 100 users 10 secs 2-87,text,true,,4663,135,2,2,http://104.248.249.47/student/GetHtml?id=1,60,0,29
1554399604029,38,HTTP Request Data from CSV,200,OK,Thread Group 100 users 10 secs 2-86,text,true,,4621,136,2,2,http://104.248.249.47/student/GetHtml?id=42,38,0,0
1554399604050,30,HTTP Request Post Json data,200,OK,Thread Group 100 users 10 secs 2-87,text,true,,240,254,1,1,http://104.248.249.47/student/post,30,0,0
1554399604081,28,HTTP Request Get Json data,200,OK,Thread Group 100 users 10 secs 2-87,text,true,,446,126,2,2,http://104.248.249.47/student/get,28,0,0
1554399604109,30,HTTP Request Data from CSV,200,OK,Thread Group 100 users 10 secs 2-87,text,true,,4663,135,2,2,http://104.248.249.47/student/GetHtml?id=1,30,0,0
1554399604089,70,HTTP Request Dynamic HTML,200,OK,Thread Group 100 users 10 secs 2-88,text,true,,4663,135,1,1,http://104.248.249.47/student/GetHtml?id=1,70,0,34
1554399604159,35,HTTP Request Post Json data,200,OK,Thread Group 100 users 10 secs 2-88,text,true,,240,254,2,2,http://104.248.249.47/student/post,35,0,0
1554399604194,34,HTTP Request Get Json data,200,OK,Thread Group 100 users 10 secs 2-88,text,true,,446,126,2,2,http://104.248.249.47/student/get,34,0,0
1554399604190,73,HTTP Request Dynamic HTML,200,OK,Thread Group 100 users 10 secs 2-89,text,true,,4663,135,2,2,http://104.248.249.47/student/GetHtml?id=1,73,0,35
1554399604228,36,HTTP Request Data from CSV,200,OK,Thread Group 100 users 10 secs 2-88,text,true,,4664,135,2,2,http://104.248.249.47/student/GetHtml?id=2,36,0,0
1554399604263,35,HTTP Request Post Json data,200,OK,Thread Group 100 users 10 secs 2-89,text,true,,240,254,2,2,http://104.248.249.47/student/post,35,0,0
1554399604298,37,HTTP Request Get Json data,200,OK,Thread Group 100 users 10 secs 2-89,text,true,,446,126,2,2,http://104.248.249.47/student/get,37,0,0
1554399604290,77,HTTP Request Dynamic HTML,200,OK,Thread Group 100 users 10 secs 2-90,text,true,,4663,135,2,2,http://104.248.249.47/student/GetHtml?id=1,77,0,41
1554399604335,35,HTTP Request Data from CSV,200,OK,Thread Group 100 users 10 secs 2-89,text,true,,4666,135,2,2,http://104.248.249.47/student/GetHtml?id=3,35,0,0
1554399604367,35,HTTP Request Post Json data,200,OK,Thread Group 100 users 10 secs 2-90,text,true,,240,254,2,2,http://104.248.249.47/student/post,35,0,0
1554399604402,34,HTTP Request Get Json data,200,OK,Thread Group 100 users 10 secs 2-90,text,true,,446,126,2,2,http://104.248.249.47/student/get,34,0,0
1554399604390,76,HTTP Request Dynamic HTML,200,OK,Thread Group 100 users 10 secs 2-91,text,true,,4663,135,2,2,http://104.248.249.47/student/GetHtml?id=1,76,0,41
1554399604436,34,HTTP Request Data from CSV,200,OK,Thread Group 100 users 10 secs 2-90,text,true,,4664,135,2,2,http://104.248.249.47/student/GetHtml?id=4,34,0,0
1554399604466,34,HTTP Request Post Json data,200,OK,Thread Group 100 users 10 secs 2-91,text,true,,240,254,2,2,http://104.248.249.47/student/post,34,0,0
1554399604500,34,HTTP Request Get Json data,200,OK,Thread Group 100 users 10 secs 2-91,text,true,,446,126,2,2,http://104.248.249.47/student/get,34,0,0
1554399604490,71,HTTP Request Dynamic HTML,200,OK,Thread Group 100 users 10 secs 2-92,text,true,,4663,135,2,2,http://104.248.249.47/student/GetHtml?id=1,71,0,35
1554399604534,35,HTTP Request Data from CSV,200,OK,Thread Group 100 users 10 secs 2-91,text,true,,4662,135,2,2,http://104.248.249.47/student/GetHtml?id=5,35,0,0
1554399604561,41,HTTP Request Post Json data,200,OK,Thread Group 100 users 10 secs 2-92,text,true,,240,254,2,2,http://104.248.249.47/student/post,41,0,0
1554399604603,35,HTTP Request Get Json data,200,OK,Thread Group 100 users 10 secs 2-92,text,true,,446,126,2,2,http://104.248.249.47/student/get,35,0,0
1554399604591,57,HTTP Request Dynamic HTML,200,OK,Thread Group 100 users 10 secs 2-93,text,true,,4663,135,2,2,http://104.248.249.47/student/GetHtml?id=1,57,0,28
1554399604639,36,HTTP Request Data from CSV,200,OK,Thread Group 100 users 10 secs 2-92,text,true,,4621,136,2,2,http://104.248.249.47/student/GetHtml?id=42,36,0,0
1554399604648,28,HTTP Request Post Json data,200,OK,Thread Group 100 users 10 secs 2-93,text,true,,240,254,1,1,http://104.248.249.47/student/post,28,0,0
1554399604676,28,HTTP Request Get Json data,200,OK,Thread Group 100 users 10 secs 2-93,text,true,,446,126,2,2,http://104.248.249.47/student/get,28,0,0
1554399604705,28,HTTP Request Data from CSV,200,OK,Thread Group 100 users 10 secs 2-93,text,true,,4663,135,2,2,http://104.248.249.47/student/GetHtml?id=1,28,0,0
1554399604691,58,HTTP Request Dynamic HTML,200,OK,Thread Group 100 users 10 secs 2-94,text,true,,4663,135,1,1,http://104.248.249.47/student/GetHtml?id=1,58,0,28
1554399604749,30,HTTP Request Post Json data,200,OK,Thread Group 100 users 10 secs 2-94,text,true,,240,254,1,1,http://104.248.249.47/student/post,30,0,0
1554399604780,28,HTTP Request Get Json data,200,OK,Thread Group 100 users 10 secs 2-94,text,true,,446,126,2,2,http://104.248.249.47/student/get,28,0,0
1554399604808,29,HTTP Request Data from CSV,200,OK,Thread Group 100 users 10 secs 2-94,text,true,,4664,135,2,2,http://104.248.249.47/student/GetHtml?id=2,29,0,0
1554399604791,70,HTTP Request Dynamic HTML,200,OK,Thread Group 100 users 10 secs 2-95,text,true,,4663,135,1,1,http://104.248.249.47/student/GetHtml?id=1,70,0,34
1554399604861,37,HTTP Request Post Json data,200,OK,Thread Group 100 users 10 secs 2-95,text,true,,240,254,2,2,http://104.248.249.47/student/post,37,0,0
1554399604898,34,HTTP Request Get Json data,200,OK,Thread Group 100 users 10 secs 2-95,text,true,,446,126,2,2,http://104.248.249.47/student/get,34,0,0
1554399604891,70,HTTP Request Dynamic HTML,200,OK,Thread Group 100 users 10 secs 2-96,text,true,,4663,135,2,2,http://104.248.249.47/student/GetHtml?id=1,70,0,34
1554399604932,34,HTTP Request Data from CSV,200,OK,Thread Group 100 users 10 secs 2-95,text,true,,4666,135,2,2,http://104.248.249.47/student/GetHtml?id=3,34,0,0
1554399604961,35,HTTP Request Post Json data,200,OK,Thread Group 100 users 10 secs 2-96,text,true,,240,254,2,2,http://104.248.249.47/student/post,35,0,0
1554399604996,34,HTTP Request Get Json data,200,OK,Thread Group 100 users 10 secs 2-96,text,true,,446,126,2,2,http://104.248.249.47/student/get,34,0,0
1554399604989,57,HTTP Request Dynamic HTML,200,OK,Thread Group 100 users 10 secs 2-97,text,true,,4663,135,2,2,http://104.248.249.47/student/GetHtml?id=1,57,0,28
1554399605030,36,HTTP Request Data from CSV,200,OK,Thread Group 100 users 10 secs 2-96,text,true,,4664,135,2,2,http://104.248.249.47/student/GetHtml?id=4,36,0,0
1554399605046,28,HTTP Request Post Json data,200,OK,Thread Group 100 users 10 secs 2-97,text,true,,240,254,1,1,http://104.248.249.47/student/post,28,0,0
1554399605074,28,HTTP Request Get Json data,200,OK,Thread Group 100 users 10 secs 2-97,text,true,,446,126,2,2,http://104.248.249.47/student/get,28,0,0
1554399605102,29,HTTP Request Data from CSV,200,OK,Thread Group 100 users 10 secs 2-97,text,true,,4662,135,2,2,http://104.248.249.47/student/GetHtml?id=5,29,0,0
1554399605090,71,HTTP Request Dynamic HTML,200,OK,Thread Group 100 users 10 secs 2-98,text,true,,4663,135,1,1,http://104.248.249.47/student/GetHtml?id=1,71,0,35
1554399605161,35,HTTP Request Post Json data,200,OK,Thread Group 100 users 10 secs 2-98,text,true,,240,254,2,2,http://104.248.249.47/student/post,35,0,0
1554399605196,34,HTTP Request Get Json data,200,OK,Thread Group 100 users 10 secs 2-98,text,true,,446,126,2,2,http://104.248.249.47/student/get,34,0,0
1554399605190,59,HTTP Request Dynamic HTML,200,OK,Thread Group 100 users 10 secs 2-99,text,true,,4663,135,2,2,http://104.248.249.47/student/GetHtml?id=1,59,0,30
1554399605230,35,HTTP Request Data from CSV,200,OK,Thread Group 100 users 10 secs 2-98,text,true,,4621,136,2,2,http://104.248.249.47/student/GetHtml?id=42,35,0,0
1554399605249,30,HTTP Request Post Json data,200,OK,Thread Group 100 users 10 secs 2-99,text,true,,240,254,1,1,http://104.248.249.47/student/post,30,0,0
1554399605279,29,HTTP Request Get Json data,200,OK,Thread Group 100 users 10 secs 2-99,text,true,,446,126,2,2,http://104.248.249.47/student/get,29,0,0
1554399605308,32,HTTP Request Data from CSV,200,OK,Thread Group 100 users 10 secs 2-99,text,true,,4663,135,2,2,http://104.248.249.47/student/GetHtml?id=1,32,0,0
1554399605290,57,HTTP Request Dynamic HTML,200,OK,Thread Group 100 users 10 secs 2-100,text,true,,4663,135,1,1,http://104.248.249.47/student/GetHtml?id=1,57,0,27
1554399605347,29,HTTP Request Post Json data,200,OK,Thread Group 100 users 10 secs 2-100,text,true,,240,254,1,1,http://104.248.249.47/student/post,29,0,0
1554399605376,28,HTTP Request Get Json data,200,OK,Thread Group 100 users 10 secs 2-100,text,true,,446,126,1,1,http://104.248.249.47/student/get,28,0,0
1554399605404,29,HTTP Request Data from CSV,200,OK,Thread Group 100 users 10 secs 2-100,text,true,,4664,135,1,1,http://104.248.249.47/student/GetHtml?id=2,29,0,0
